{
  "GetBooking after Partial Update" : {
    "transaction" : "GetBooking after Partial Update",
    "sampleCount" : 10,
    "errorCount" : 0,
    "errorPct" : 0.0,
    "meanResTime" : 358.1,
    "medianResTime" : 334.5,
    "minResTime" : 308.0,
    "maxResTime" : 475.0,
    "pct1ResTime" : 469.6,
    "pct2ResTime" : 475.0,
    "pct3ResTime" : 475.0,
    "throughput" : 1.3943112102621305,
    "receivedKBytesPerSec" : 0.5650772971277189,
    "sentKBytesPerSec" : 0.25734845580033466
  },
  "GetBooking after Update" : {
    "transaction" : "GetBooking after Update",
    "sampleCount" : 10,
    "errorCount" : 0,
    "errorPct" : 0.0,
    "meanResTime" : 330.29999999999995,
    "medianResTime" : 324.5,
    "minResTime" : 307.0,
    "maxResTime" : 387.0,
    "pct1ResTime" : 382.20000000000005,
    "pct2ResTime" : 387.0,
    "pct3ResTime" : 387.0,
    "throughput" : 1.3770311209033324,
    "receivedKBytesPerSec" : 0.5580741359129716,
    "sentKBytesPerSec" : 0.25415906430735336
  },
  "PartialUpdateBooking" : {
    "transaction" : "PartialUpdateBooking",
    "sampleCount" : 10,
    "errorCount" : 0,
    "errorPct" : 0.0,
    "meanResTime" : 343.6,
    "medianResTime" : 326.0,
    "minResTime" : 305.0,
    "maxResTime" : 410.0,
    "pct1ResTime" : 409.7,
    "pct2ResTime" : 410.0,
    "pct3ResTime" : 410.0,
    "throughput" : 1.3781697905181918,
    "receivedKBytesPerSec" : 0.5585356084619625,
    "sentKBytesPerSec" : 0.42664045272877615
  },
  "Total" : {
    "transaction" : "Total",
    "sampleCount" : 80,
    "errorCount" : 0,
    "errorPct" : 0.0,
    "meanResTime" : 519.15,
    "medianResTime" : 334.0,
    "minResTime" : 289.0,
    "maxResTime" : 2595.0,
    "pct1ResTime" : 1334.9000000000003,
    "pct2ResTime" : 1481.9000000000003,
    "pct3ResTime" : 2595.0,
    "throughput" : 6.42209199646785,
    "receivedKBytesPerSec" : 2.388685829252629,
    "sentKBytesPerSec" : 1.850114393513687
  },
  "Auth" : {
    "transaction" : "Auth",
    "sampleCount" : 10,
    "errorCount" : 0,
    "errorPct" : 0.0,
    "meanResTime" : 1545.0,
    "medianResTime" : 1381.0,
    "minResTime" : 1211.0,
    "maxResTime" : 2595.0,
    "pct1ResTime" : 2516.7000000000003,
    "pct2ResTime" : 2595.0,
    "pct3ResTime" : 2595.0,
    "throughput" : 0.9857072449482505,
    "receivedKBytesPerSec" : 0.26086588220798423,
    "sentKBytesPerSec" : 0.2502772301626417
  },
  "Create Booking" : {
    "transaction" : "Create Booking",
    "sampleCount" : 10,
    "errorCount" : 0,
    "errorPct" : 0.0,
    "meanResTime" : 330.7,
    "medianResTime" : 333.5,
    "minResTime" : 307.0,
    "maxResTime" : 357.0,
    "pct1ResTime" : 355.3,
    "pct2ResTime" : 357.0,
    "pct3ResTime" : 357.0,
    "throughput" : 1.2797542871768621,
    "receivedKBytesPerSec" : 0.5598925006398772,
    "sentKBytesPerSec" : 0.5773891412848733
  },
  "GetBooking" : {
    "transaction" : "GetBooking",
    "sampleCount" : 10,
    "errorCount" : 0,
    "errorPct" : 0.0,
    "meanResTime" : 578.4,
    "medianResTime" : 343.5,
    "minResTime" : 309.0,
    "maxResTime" : 1187.0,
    "pct1ResTime" : 1182.8,
    "pct2ResTime" : 1187.0,
    "pct3ResTime" : 1187.0,
    "throughput" : 1.2833675564681724,
    "receivedKBytesPerSec" : 0.5263812243326489,
    "sentKBytesPerSec" : 0.236871550949692
  },
  "UpdateBooking " : {
    "transaction" : "UpdateBooking ",
    "sampleCount" : 10,
    "errorCount" : 0,
    "errorPct" : 0.0,
    "meanResTime" : 333.09999999999997,
    "medianResTime" : 337.0,
    "minResTime" : 289.0,
    "maxResTime" : 367.0,
    "pct1ResTime" : 365.0,
    "pct2ResTime" : 367.0,
    "pct3ResTime" : 367.0,
    "throughput" : 1.3747594171020072,
    "receivedKBytesPerSec" : 0.5571534747044268,
    "sentKBytesPerSec" : 0.6645565541655211
  },
  "DeleteBooking" : {
    "transaction" : "DeleteBooking",
    "sampleCount" : 10,
    "errorCount" : 0,
    "errorPct" : 0.0,
    "meanResTime" : 334.0,
    "medianResTime" : 332.0,
    "minResTime" : 319.0,
    "maxResTime" : 368.0,
    "pct1ResTime" : 365.3,
    "pct2ResTime" : 368.0,
    "pct3ResTime" : 368.0,
    "throughput" : 1.4110342881332016,
    "receivedKBytesPerSec" : 0.3417348666572598,
    "sentKBytesPerSec" : 0.35689246154931564
  }
}