{
  "GetBooking after Partial Update" : {
    "transaction" : "GetBooking after Partial Update",
    "sampleCount" : 150,
    "errorCount" : 0,
    "errorPct" : 0.0,
    "meanResTime" : 465.07999999999964,
    "medianResTime" : 338.0,
    "minResTime" : 255.0,
    "maxResTime" : 1220.0,
    "pct1ResTime" : 916.2000000000003,
    "pct2ResTime" : 1196.0,
    "pct3ResTime" : 1216.43,
    "throughput" : 18.47518167261978,
    "receivedKBytesPerSec" : 7.487500384899619,
    "sentKBytesPerSec" : 3.4099700548097056
  },
  "GetBooking after Update" : {
    "transaction" : "GetBooking after Update",
    "sampleCount" : 150,
    "errorCount" : 0,
    "errorPct" : 0.0,
    "meanResTime" : 397.35999999999984,
    "medianResTime" : 307.5,
    "minResTime" : 258.0,
    "maxResTime" : 1202.0,
    "pct1ResTime" : 611.9,
    "pct2ResTime" : 718.199999999998,
    "pct3ResTime" : 1198.94,
    "throughput" : 18.61966236345581,
    "receivedKBytesPerSec" : 7.546054571127111,
    "sentKBytesPerSec" : 3.4366369010675277
  },
  "PartialUpdateBooking" : {
    "transaction" : "PartialUpdateBooking",
    "sampleCount" : 150,
    "errorCount" : 0,
    "errorPct" : 0.0,
    "meanResTime" : 362.9133333333334,
    "medianResTime" : 312.0,
    "minResTime" : 254.0,
    "maxResTime" : 931.0,
    "pct1ResTime" : 595.9,
    "pct2ResTime" : 627.9499999999998,
    "pct3ResTime" : 925.9000000000001,
    "throughput" : 18.418467583497055,
    "receivedKBytesPerSec" : 7.464515671046168,
    "sentKBytesPerSec" : 5.701810765594303
  },
  "Total" : {
    "transaction" : "Total",
    "sampleCount" : 1200,
    "errorCount" : 0,
    "errorPct" : 0.0,
    "meanResTime" : 583.8175000000005,
    "medianResTime" : 362.0,
    "minResTime" : 250.0,
    "maxResTime" : 3223.0,
    "pct1ResTime" : 1364.5000000000005,
    "pct2ResTime" : 1929.6000000000004,
    "pct3ResTime" : 2789.7300000000005,
    "throughput" : 90.34783918084625,
    "receivedKBytesPerSec" : 33.60471996875471,
    "sentKBytesPerSec" : 26.027941951513327
  },
  "Auth" : {
    "transaction" : "Auth",
    "sampleCount" : 150,
    "errorCount" : 0,
    "errorPct" : 0.0,
    "meanResTime" : 1851.753333333333,
    "medianResTime" : 1767.0,
    "minResTime" : 1087.0,
    "maxResTime" : 3223.0,
    "pct1ResTime" : 2611.8,
    "pct2ResTime" : 3058.75,
    "pct3ResTime" : 3219.4300000000003,
    "throughput" : 13.574660633484163,
    "receivedKBytesPerSec" : 3.5925127262443435,
    "sentKBytesPerSec" : 3.446691176470588
  },
  "Create Booking" : {
    "transaction" : "Create Booking",
    "sampleCount" : 150,
    "errorCount" : 0,
    "errorPct" : 0.0,
    "meanResTime" : 368.9133333333333,
    "medianResTime" : 317.5,
    "minResTime" : 257.0,
    "maxResTime" : 848.0,
    "pct1ResTime" : 586.8000000000001,
    "pct2ResTime" : 647.8,
    "pct3ResTime" : 842.3900000000001,
    "throughput" : 18.328445747800586,
    "receivedKBytesPerSec" : 8.018695014662757,
    "sentKBytesPerSec" : 8.269279233870968
  },
  "GetBooking" : {
    "transaction" : "GetBooking",
    "sampleCount" : 150,
    "errorCount" : 0,
    "errorPct" : 0.0,
    "meanResTime" : 402.9000000000001,
    "medianResTime" : 371.0,
    "minResTime" : 250.0,
    "maxResTime" : 1193.0,
    "pct1ResTime" : 596.9,
    "pct2ResTime" : 636.1499999999999,
    "pct3ResTime" : 1024.190000000003,
    "throughput" : 18.337408312958438,
    "receivedKBytesPerSec" : 7.521202628361858,
    "sentKBytesPerSec" : 3.3845411827628364
  },
  "UpdateBooking " : {
    "transaction" : "UpdateBooking ",
    "sampleCount" : 150,
    "errorCount" : 0,
    "errorPct" : 0.0,
    "meanResTime" : 416.3800000000001,
    "medianResTime" : 399.5,
    "minResTime" : 256.0,
    "maxResTime" : 1257.0,
    "pct1ResTime" : 586.8,
    "pct2ResTime" : 656.25,
    "pct3ResTime" : 1243.2300000000002,
    "throughput" : 18.59427296392711,
    "receivedKBytesPerSec" : 7.535764921904053,
    "sentKBytesPerSec" : 8.988442497210858
  },
  "DeleteBooking" : {
    "transaction" : "DeleteBooking",
    "sampleCount" : 150,
    "errorCount" : 0,
    "errorPct" : 0.0,
    "meanResTime" : 405.23999999999995,
    "medianResTime" : 331.5,
    "minResTime" : 250.0,
    "maxResTime" : 852.0,
    "pct1ResTime" : 629.9,
    "pct2ResTime" : 813.9,
    "pct3ResTime" : 851.49,
    "throughput" : 18.55976243504083,
    "receivedKBytesPerSec" : 4.494942464736451,
    "sentKBytesPerSec" : 4.694314912769116
  }
}