{
  "GetBooking after Partial Update" : {
    "transaction" : "GetBooking after Partial Update",
    "sampleCount" : 4500,
    "errorCount" : 0,
    "errorPct" : 0.0,
    "meanResTime" : 393.84244444444425,
    "medianResTime" : 379.0,
    "minResTime" : 304.0,
    "maxResTime" : 1509.0,
    "pct1ResTime" : 414.0,
    "pct2ResTime" : 448.9499999999998,
    "pct3ResTime" : 1002.9799999999996,
    "throughput" : 29.094952995487052,
    "receivedKBytesPerSec" : 11.791411614381959,
    "sentKBytesPerSec" : 5.39744210912547
  },
  "GetBooking after Update" : {
    "transaction" : "GetBooking after Update",
    "sampleCount" : 4500,
    "errorCount" : 0,
    "errorPct" : 0.0,
    "meanResTime" : 396.5797777777765,
    "medianResTime" : 380.0,
    "minResTime" : 318.0,
    "maxResTime" : 5501.0,
    "pct1ResTime" : 413.0,
    "pct2ResTime" : 447.0,
    "pct3ResTime" : 1066.0,
    "throughput" : 29.23862617441815,
    "receivedKBytesPerSec" : 11.849638537483917,
    "sentKBytesPerSec" : 5.424095105129105
  },
  "PartialUpdateBooking" : {
    "transaction" : "PartialUpdateBooking",
    "sampleCount" : 4500,
    "errorCount" : 0,
    "errorPct" : 0.0,
    "meanResTime" : 397.9957777777775,
    "medianResTime" : 381.0,
    "minResTime" : 305.0,
    "maxResTime" : 1873.0,
    "pct1ResTime" : 421.0,
    "pct2ResTime" : 474.9499999999998,
    "pct3ResTime" : 1034.9599999999991,
    "throughput" : 29.234447274050208,
    "receivedKBytesPerSec" : 11.847944940166832,
    "sentKBytesPerSec" : 9.077625781209397
  },
  "Total" : {
    "transaction" : "Total",
    "sampleCount" : 36000,
    "errorCount" : 0,
    "errorPct" : 0.0,
    "meanResTime" : 556.6544166666679,
    "medianResTime" : 386.0,
    "minResTime" : 301.0,
    "maxResTime" : 7541.0,
    "pct1ResTime" : 1466.0,
    "pct2ResTime" : 1553.0,
    "pct3ResTime" : 1992.9900000000016,
    "throughput" : 224.11195637287247,
    "receivedKBytesPerSec" : 83.24684336753117,
    "sentKBytesPerSec" : 64.652882776218
  },
  "Auth" : {
    "transaction" : "Auth",
    "sampleCount" : 4500,
    "errorCount" : 0,
    "errorPct" : 0.0,
    "meanResTime" : 1659.939555555558,
    "medianResTime" : 1532.0,
    "minResTime" : 1277.0,
    "maxResTime" : 7541.0,
    "pct1ResTime" : 1991.7000000000003,
    "pct2ResTime" : 2530.8999999999996,
    "pct3ResTime" : 3775.719999999994,
    "throughput" : 28.61921812296088,
    "receivedKBytesPerSec" : 7.57403135871328,
    "sentKBytesPerSec" : 7.266598351533037
  },
  "Create Booking" : {
    "transaction" : "Create Booking",
    "sampleCount" : 4500,
    "errorCount" : 0,
    "errorPct" : 0.0,
    "meanResTime" : 404.3466666666671,
    "medianResTime" : 382.0,
    "minResTime" : 301.0,
    "maxResTime" : 2082.0,
    "pct1ResTime" : 430.0,
    "pct2ResTime" : 490.0,
    "pct3ResTime" : 1146.8899999999976,
    "throughput" : 29.246797475676413,
    "receivedKBytesPerSec" : 12.751184799951906,
    "sentKBytesPerSec" : 13.123522935176098
  },
  "GetBooking" : {
    "transaction" : "GetBooking",
    "sampleCount" : 4500,
    "errorCount" : 0,
    "errorPct" : 0.0,
    "meanResTime" : 397.6971111111116,
    "medianResTime" : 379.0,
    "minResTime" : 308.0,
    "maxResTime" : 2230.0,
    "pct1ResTime" : 411.0,
    "pct2ResTime" : 446.0,
    "pct3ResTime" : 1181.0,
    "throughput" : 29.24717764735703,
    "receivedKBytesPerSec" : 11.924102253820006,
    "sentKBytesPerSec" : 5.425681499860264
  },
  "UpdateBooking " : {
    "transaction" : "UpdateBooking ",
    "sampleCount" : 4500,
    "errorCount" : 0,
    "errorPct" : 0.0,
    "meanResTime" : 406.4395555555563,
    "medianResTime" : 384.0,
    "minResTime" : 310.0,
    "maxResTime" : 2252.0,
    "pct1ResTime" : 441.0,
    "pct2ResTime" : 506.0,
    "pct3ResTime" : 1131.9899999999998,
    "throughput" : 29.242806269657663,
    "receivedKBytesPerSec" : 11.851332619050714,
    "sentKBytesPerSec" : 14.163443527267294
  },
  "DeleteBooking" : {
    "transaction" : "DeleteBooking",
    "sampleCount" : 4500,
    "errorCount" : 0,
    "errorPct" : 0.0,
    "meanResTime" : 396.3944444444453,
    "medianResTime" : 380.0,
    "minResTime" : 306.0,
    "maxResTime" : 2118.0,
    "pct1ResTime" : 418.0,
    "pct2ResTime" : 457.0,
    "pct3ResTime" : 1013.9799999999996,
    "throughput" : 29.087242335511647,
    "receivedKBytesPerSec" : 7.044566503131727,
    "sentKBytesPerSec" : 7.384397401216494
  }
}