{
  "GetBooking after Partial Update" : {
    "transaction" : "GetBooking after Partial Update",
    "sampleCount" : 100,
    "errorCount" : 100,
    "errorPct" : 100.0,
    "meanResTime" : 1.8100000000000005,
    "medianResTime" : 0.0,
    "minResTime" : 0.0,
    "maxResTime" : 142.0,
    "pct1ResTime" : 1.0,
    "pct2ResTime" : 1.0,
    "pct3ResTime" : 140.6499999999993,
    "throughput" : 114.94252873563218,
    "receivedKBytesPerSec" : 236.73221982758622,
    "sentKBytesPerSec" : 0.0
  },
  "GetBooking after Update" : {
    "transaction" : "GetBooking after Update",
    "sampleCount" : 100,
    "errorCount" : 100,
    "errorPct" : 100.0,
    "meanResTime" : 0.45,
    "medianResTime" : 0.0,
    "minResTime" : 0.0,
    "maxResTime" : 12.0,
    "pct1ResTime" : 1.0,
    "pct2ResTime" : 1.0,
    "pct3ResTime" : 11.889999999999944,
    "throughput" : 114.8105625717566,
    "receivedKBytesPerSec" : 236.46042623421354,
    "sentKBytesPerSec" : 0.0
  },
  "PartialUpdateBooking" : {
    "transaction" : "PartialUpdateBooking",
    "sampleCount" : 100,
    "errorCount" : 100,
    "errorPct" : 100.0,
    "meanResTime" : 0.7400000000000001,
    "medianResTime" : 0.0,
    "minResTime" : 0.0,
    "maxResTime" : 26.0,
    "pct1ResTime" : 1.0,
    "pct2ResTime" : 1.0,
    "pct3ResTime" : 25.829999999999913,
    "throughput" : 114.8105625717566,
    "receivedKBytesPerSec" : 236.46042623421354,
    "sentKBytesPerSec" : 0.0
  },
  "Total" : {
    "transaction" : "Total",
    "sampleCount" : 800,
    "errorCount" : 800,
    "errorPct" : 100.0,
    "meanResTime" : 823.6649999999989,
    "medianResTime" : 1.0,
    "minResTime" : 0.0,
    "maxResTime" : 11281.0,
    "pct1ResTime" : 3508.199999999997,
    "pct2ResTime" : 7572.049999999993,
    "pct3ResTime" : 10797.970000000001,
    "throughput" : 65.29013302864604,
    "receivedKBytesPerSec" : 134.48524085938138,
    "sentKBytesPerSec" : 0.0
  },
  "Auth" : {
    "transaction" : "Auth",
    "sampleCount" : 100,
    "errorCount" : 100,
    "errorPct" : 100.0,
    "meanResTime" : 6503.529999999999,
    "medianResTime" : 6520.5,
    "minResTime" : 1517.0,
    "maxResTime" : 11281.0,
    "pct1ResTime" : 10580.300000000001,
    "pct2ResTime" : 11053.599999999999,
    "pct3ResTime" : 11280.73,
    "throughput" : 8.864462370357238,
    "receivedKBytesPerSec" : 18.27395066926691,
    "sentKBytesPerSec" : 0.0
  },
  "Create Booking" : {
    "transaction" : "Create Booking",
    "sampleCount" : 100,
    "errorCount" : 100,
    "errorPct" : 100.0,
    "meanResTime" : 32.64,
    "medianResTime" : 2.0,
    "minResTime" : 1.0,
    "maxResTime" : 557.0,
    "pct1ResTime" : 90.0,
    "pct2ResTime" : 112.89999999999998,
    "pct3ResTime" : 556.96,
    "throughput" : 114.28571428571428,
    "receivedKBytesPerSec" : 235.37946428571428,
    "sentKBytesPerSec" : 0.0
  },
  "GetBooking" : {
    "transaction" : "GetBooking",
    "sampleCount" : 100,
    "errorCount" : 100,
    "errorPct" : 100.0,
    "meanResTime" : 3.0300000000000002,
    "medianResTime" : 0.0,
    "minResTime" : 0.0,
    "maxResTime" : 80.0,
    "pct1ResTime" : 1.0,
    "pct2ResTime" : 15.399999999999864,
    "pct3ResTime" : 79.84999999999992,
    "throughput" : 115.07479861910241,
    "receivedKBytesPerSec" : 237.00463895281933,
    "sentKBytesPerSec" : 0.0
  },
  "UpdateBooking " : {
    "transaction" : "UpdateBooking ",
    "sampleCount" : 100,
    "errorCount" : 100,
    "errorPct" : 100.0,
    "meanResTime" : 46.650000000000006,
    "medianResTime" : 2.0,
    "minResTime" : 1.0,
    "maxResTime" : 869.0,
    "pct1ResTime" : 68.0,
    "pct2ResTime" : 432.6499999999999,
    "pct3ResTime" : 868.6199999999998,
    "throughput" : 114.41647597254006,
    "receivedKBytesPerSec" : 235.64877717391303,
    "sentKBytesPerSec" : 0.0
  },
  "DeleteBooking" : {
    "transaction" : "DeleteBooking",
    "sampleCount" : 100,
    "errorCount" : 100,
    "errorPct" : 100.0,
    "meanResTime" : 0.47,
    "medianResTime" : 0.0,
    "minResTime" : 0.0,
    "maxResTime" : 7.0,
    "pct1ResTime" : 1.0,
    "pct2ResTime" : 1.0,
    "pct3ResTime" : 6.9599999999999795,
    "throughput" : 114.94252873563218,
    "receivedKBytesPerSec" : 236.73221982758622,
    "sentKBytesPerSec" : 0.0
  }
}