{
  "GetBooking after Partial Update" : {
    "transaction" : "GetBooking after Partial Update",
    "sampleCount" : 5050,
    "errorCount" : 0,
    "errorPct" : 0.0,
    "meanResTime" : 379.8368316831667,
    "medianResTime" : 297.0,
    "minResTime" : 237.0,
    "maxResTime" : 12308.0,
    "pct1ResTime" : 456.0,
    "pct2ResTime" : 898.3499999999995,
    "pct3ResTime" : 1570.449999999999,
    "throughput" : 42.722027646650766,
    "receivedKBytesPerSec" : 17.31410300132819,
    "sentKBytesPerSec" : 7.92149437475678
  },
  "GetBooking after Update" : {
    "transaction" : "GetBooking after Update",
    "sampleCount" : 5050,
    "errorCount" : 0,
    "errorPct" : 0.0,
    "meanResTime" : 396.9441584158417,
    "medianResTime" : 299.0,
    "minResTime" : 237.0,
    "maxResTime" : 16482.0,
    "pct1ResTime" : 455.90000000000055,
    "pct2ResTime" : 994.0,
    "pct3ResTime" : 1844.4899999999998,
    "throughput" : 42.7307034912254,
    "receivedKBytesPerSec" : 17.317619090682168,
    "sentKBytesPerSec" : 7.9231030449857
  },
  "PartialUpdateBooking" : {
    "transaction" : "PartialUpdateBooking",
    "sampleCount" : 5050,
    "errorCount" : 0,
    "errorPct" : 0.0,
    "meanResTime" : 402.7465346534642,
    "medianResTime" : 304.0,
    "minResTime" : 238.0,
    "maxResTime" : 10697.0,
    "pct1ResTime" : 573.0,
    "pct2ResTime" : 969.8999999999996,
    "pct3ResTime" : 1711.7999999999956,
    "throughput" : 42.723111934553266,
    "receivedKBytesPerSec" : 17.314542434413678,
    "sentKBytesPerSec" : 13.262084414629916
  },
  "Total" : {
    "transaction" : "Total",
    "sampleCount" : 40400,
    "errorCount" : 0,
    "errorPct" : 0.0,
    "meanResTime" : 640.7353465346586,
    "medianResTime" : 304.0,
    "minResTime" : 236.0,
    "maxResTime" : 78679.0,
    "pct1ResTime" : 1115.9000000000015,
    "pct2ResTime" : 1382.9500000000007,
    "pct3ResTime" : 5398.550000000072,
    "throughput" : 326.10625898003,
    "receivedKBytesPerSec" : 121.32926295394557,
    "sentKBytesPerSec" : 94.1543063027703
  },
  "Auth" : {
    "transaction" : "Auth",
    "sampleCount" : 5050,
    "errorCount" : 0,
    "errorPct" : 0.0,
    "meanResTime" : 2262.8493069306974,
    "medianResTime" : 1241.0,
    "minResTime" : 969.0,
    "maxResTime" : 78679.0,
    "pct1ResTime" : 4372.600000000002,
    "pct2ResTime" : 6321.299999999994,
    "pct3ResTime" : 13263.479999999989,
    "throughput" : 41.706583859139116,
    "receivedKBytesPerSec" : 11.037582251783885,
    "sentKBytesPerSec" : 10.58956230798454
  },
  "Create Booking" : {
    "transaction" : "Create Booking",
    "sampleCount" : 5050,
    "errorCount" : 0,
    "errorPct" : 0.0,
    "meanResTime" : 444.16435643564307,
    "medianResTime" : 301.0,
    "minResTime" : 238.0,
    "maxResTime" : 12374.0,
    "pct1ResTime" : 964.8000000000011,
    "pct2ResTime" : 1195.4499999999998,
    "pct3ResTime" : 2490.8399999999965,
    "throughput" : 42.7296188179549,
    "receivedKBytesPerSec" : 18.73049106009646,
    "sentKBytesPerSec" : 19.278402240131996
  },
  "GetBooking" : {
    "transaction" : "GetBooking",
    "sampleCount" : 5050,
    "errorCount" : 0,
    "errorPct" : 0.0,
    "meanResTime" : 418.3530693069308,
    "medianResTime" : 297.0,
    "minResTime" : 237.0,
    "maxResTime" : 12595.0,
    "pct1ResTime" : 492.90000000000055,
    "pct2ResTime" : 1094.249999999999,
    "pct3ResTime" : 2146.8699999999862,
    "throughput" : 42.73829774629531,
    "receivedKBytesPerSec" : 17.529379935003934,
    "sentKBytesPerSec" : 7.924511167496044
  },
  "UpdateBooking " : {
    "transaction" : "UpdateBooking ",
    "sampleCount" : 5050,
    "errorCount" : 0,
    "errorPct" : 0.0,
    "meanResTime" : 426.3730693069304,
    "medianResTime" : 310.0,
    "minResTime" : 239.0,
    "maxResTime" : 8855.0,
    "pct1ResTime" : 601.9000000000005,
    "pct2ResTime" : 1090.4499999999998,
    "pct3ResTime" : 2007.1499999999924,
    "throughput" : 42.735766028027896,
    "receivedKBytesPerSec" : 17.319670802374585,
    "sentKBytesPerSec" : 20.69469057031091
  },
  "DeleteBooking" : {
    "transaction" : "DeleteBooking",
    "sampleCount" : 5050,
    "errorCount" : 0,
    "errorPct" : 0.0,
    "meanResTime" : 394.61544554455486,
    "medianResTime" : 303.0,
    "minResTime" : 236.0,
    "maxResTime" : 12196.0,
    "pct1ResTime" : 565.9000000000005,
    "pct2ResTime" : 911.0,
    "pct3ResTime" : 1736.9199999999983,
    "throughput" : 42.71877511314131,
    "receivedKBytesPerSec" : 10.34595334771391,
    "sentKBytesPerSec" : 10.841120059319882
  }
}