{
  "GetBooking after Partial Update" : {
    "transaction" : "GetBooking after Partial Update",
    "sampleCount" : 6500,
    "errorCount" : 1055,
    "errorPct" : 16.23077,
    "meanResTime" : 277.4993846153847,
    "medianResTime" : 271.0,
    "minResTime" : 0.0,
    "maxResTime" : 12398.0,
    "pct1ResTime" : 302.0,
    "pct2ResTime" : 335.9499999999998,
    "pct3ResTime" : 923.9899999999998,
    "throughput" : 49.626654858067766,
    "receivedKBytesPerSec" : 32.440972613244206,
    "sentKBytesPerSec" : 7.847393741697078
  },
  "GetBooking after Update" : {
    "transaction" : "GetBooking after Update",
    "sampleCount" : 6500,
    "errorCount" : 1023,
    "errorPct" : 15.7384615,
    "meanResTime" : 267.37369230769207,
    "medianResTime" : 271.0,
    "minResTime" : 0.0,
    "maxResTime" : 10562.0,
    "pct1ResTime" : 306.0,
    "pct2ResTime" : 385.0,
    "pct3ResTime" : 916.9899999999998,
    "throughput" : 49.82866604828014,
    "receivedKBytesPerSec" : 32.6120758694144,
    "sentKBytesPerSec" : 7.8793374895551445
  },
  "PartialUpdateBooking" : {
    "transaction" : "PartialUpdateBooking",
    "sampleCount" : 6500,
    "errorCount" : 1050,
    "errorPct" : 16.153847,
    "meanResTime" : 277.6944615384614,
    "medianResTime" : 276.0,
    "minResTime" : 0.0,
    "maxResTime" : 11797.0,
    "pct1ResTime" : 328.0,
    "pct2ResTime" : 381.9499999999998,
    "pct3ResTime" : 1015.9799999999996,
    "throughput" : 49.72764551074117,
    "receivedKBytesPerSec" : 32.5125935859944,
    "sentKBytesPerSec" : 13.139275181314646
  },
  "Total" : {
    "transaction" : "Total",
    "sampleCount" : 52000,
    "errorCount" : 8195,
    "errorPct" : 15.759615,
    "meanResTime" : 483.06698076923266,
    "medianResTime" : 282.0,
    "minResTime" : 0.0,
    "maxResTime" : 12398.0,
    "pct1ResTime" : 1051.0,
    "pct2ResTime" : 1117.0,
    "pct3ResTime" : 7126.950000000008,
    "throughput" : 363.5728019576997,
    "receivedKBytesPerSec" : 227.8456222142108,
    "sentKBytesPerSec" : 89.29798795009613
  },
  "Auth" : {
    "transaction" : "Auth",
    "sampleCount" : 6500,
    "errorCount" : 983,
    "errorPct" : 15.123077,
    "meanResTime" : 1933.153538461542,
    "medianResTime" : 1079.0,
    "minResTime" : 0.0,
    "maxResTime" : 11807.0,
    "pct1ResTime" : 5123.500000000003,
    "pct2ResTime" : 7568.849999999999,
    "pct3ResTime" : 10216.849999999997,
    "throughput" : 46.048343676499755,
    "receivedKBytesPerSec" : 24.68768209020516,
    "sentKBytesPerSec" : 9.92377781497067
  },
  "Create Booking" : {
    "transaction" : "Create Booking",
    "sampleCount" : 6500,
    "errorCount" : 983,
    "errorPct" : 15.123077,
    "meanResTime" : 300.63307692307666,
    "medianResTime" : 272.0,
    "minResTime" : 0.0,
    "maxResTime" : 10025.0,
    "pct1ResTime" : 307.0,
    "pct2ResTime" : 371.9499999999998,
    "pct3ResTime" : 3910.9699999999993,
    "throughput" : 50.07009813739235,
    "receivedKBytesPerSec" : 34.26186384495986,
    "sentKBytesPerSec" : 19.173883701605323
  },
  "GetBooking" : {
    "transaction" : "GetBooking",
    "sampleCount" : 6500,
    "errorCount" : 1001,
    "errorPct" : 15.4,
    "meanResTime" : 264.9603076923076,
    "medianResTime" : 271.0,
    "minResTime" : 0.0,
    "maxResTime" : 10266.0,
    "pct1ResTime" : 305.0,
    "pct2ResTime" : 354.9499999999998,
    "pct3ResTime" : 617.8899999999976,
    "throughput" : 50.00115387278168,
    "receivedKBytesPerSec" : 32.961442740024765,
    "sentKBytesPerSec" : 7.90661274875574
  },
  "UpdateBooking " : {
    "transaction" : "UpdateBooking ",
    "sampleCount" : 6500,
    "errorCount" : 1022,
    "errorPct" : 15.723077,
    "meanResTime" : 276.5220000000001,
    "medianResTime" : 278.0,
    "minResTime" : 0.0,
    "maxResTime" : 8274.0,
    "pct1ResTime" : 338.0,
    "pct2ResTime" : 430.0,
    "pct3ResTime" : 815.0,
    "throughput" : 49.92434541502492,
    "receivedKBytesPerSec" : 32.68927777473751,
    "sentKBytesPerSec" : 20.55335646414664
  },
  "DeleteBooking" : {
    "transaction" : "DeleteBooking",
    "sampleCount" : 6500,
    "errorCount" : 1078,
    "errorPct" : 16.584616,
    "meanResTime" : 266.6993846153841,
    "medianResTime" : 275.0,
    "minResTime" : 0.0,
    "maxResTime" : 9268.0,
    "pct1ResTime" : 317.0,
    "pct2ResTime" : 339.0,
    "pct3ResTime" : 881.9899999999998,
    "throughput" : 49.5207911136845,
    "receivedKBytesPerSec" : 25.60664605919258,
    "sentKBytesPerSec" : 10.703916023213822
  }
}