{
  "GetBooking after Partial Update" : {
    "transaction" : "GetBooking after Partial Update",
    "sampleCount" : 50,
    "errorCount" : 0,
    "errorPct" : 0.0,
    "meanResTime" : 271.88000000000005,
    "medianResTime" : 269.5,
    "minResTime" : 251.0,
    "maxResTime" : 340.0,
    "pct1ResTime" : 284.7,
    "pct2ResTime" : 316.4499999999998,
    "pct3ResTime" : 340.0,
    "throughput" : 5.905976848570754,
    "receivedKBytesPerSec" : 2.3935355392156863,
    "sentKBytesPerSec" : 1.0958355480746516
  },
  "GetBooking after Update" : {
    "transaction" : "GetBooking after Update",
    "sampleCount" : 50,
    "errorCount" : 0,
    "errorPct" : 0.0,
    "meanResTime" : 267.15999999999997,
    "medianResTime" : 265.5,
    "minResTime" : 247.0,
    "maxResTime" : 316.0,
    "pct1ResTime" : 280.0,
    "pct2ResTime" : 284.0,
    "pct3ResTime" : 316.0,
    "throughput" : 5.934718100890208,
    "receivedKBytesPerSec" : 2.405183605341246,
    "sentKBytesPerSec" : 1.1011683976261126
  },
  "PartialUpdateBooking" : {
    "transaction" : "PartialUpdateBooking",
    "sampleCount" : 50,
    "errorCount" : 0,
    "errorPct" : 0.0,
    "meanResTime" : 272.7599999999999,
    "medianResTime" : 271.0,
    "minResTime" : 251.0,
    "maxResTime" : 304.0,
    "pct1ResTime" : 291.5,
    "pct2ResTime" : 295.45,
    "pct3ResTime" : 304.0,
    "throughput" : 5.9171597633136095,
    "receivedKBytesPerSec" : 2.398067677514793,
    "sentKBytesPerSec" : 1.8375554733727812
  },
  "Total" : {
    "transaction" : "Total",
    "sampleCount" : 400,
    "errorCount" : 0,
    "errorPct" : 0.0,
    "meanResTime" : 394.63250000000005,
    "medianResTime" : 273.0,
    "minResTime" : 247.0,
    "maxResTime" : 2426.0,
    "pct1ResTime" : 1071.0,
    "pct2ResTime" : 1115.0,
    "pct3ResTime" : 1990.9600000000019,
    "throughput" : 31.743512419649235,
    "receivedKBytesPerSec" : 11.81081858582652,
    "sentKBytesPerSec" : 9.168109177843027
  },
  "Auth" : {
    "transaction" : "Auth",
    "sampleCount" : 50,
    "errorCount" : 0,
    "errorPct" : 0.0,
    "meanResTime" : 1231.9000000000008,
    "medianResTime" : 1106.5,
    "minResTime" : 1015.0,
    "maxResTime" : 2426.0,
    "pct1ResTime" : 1769.1999999999998,
    "pct2ResTime" : 2284.649999999999,
    "pct3ResTime" : 2426.0,
    "throughput" : 4.679895170348185,
    "receivedKBytesPerSec" : 1.2385269444964433,
    "sentKBytesPerSec" : 1.1882546330962187
  },
  "Create Booking" : {
    "transaction" : "Create Booking",
    "sampleCount" : 50,
    "errorCount" : 0,
    "errorPct" : 0.0,
    "meanResTime" : 281.02000000000004,
    "medianResTime" : 274.5,
    "minResTime" : 254.0,
    "maxResTime" : 350.0,
    "pct1ResTime" : 307.5,
    "pct2ResTime" : 341.9,
    "pct3ResTime" : 350.0,
    "throughput" : 5.896921806816842,
    "receivedKBytesPerSec" : 2.585662003184338,
    "sentKBytesPerSec" : 2.6605252683099425
  },
  "GetBooking" : {
    "transaction" : "GetBooking",
    "sampleCount" : 50,
    "errorCount" : 0,
    "errorPct" : 0.0,
    "meanResTime" : 273.38,
    "medianResTime" : 270.5,
    "minResTime" : 252.0,
    "maxResTime" : 354.0,
    "pct1ResTime" : 294.6,
    "pct2ResTime" : 314.7,
    "pct3ResTime" : 354.0,
    "throughput" : 5.92206561648703,
    "receivedKBytesPerSec" : 2.428972225512259,
    "sentKBytesPerSec" : 1.0988207686841172
  },
  "UpdateBooking " : {
    "transaction" : "UpdateBooking ",
    "sampleCount" : 50,
    "errorCount" : 0,
    "errorPct" : 0.0,
    "meanResTime" : 278.15999999999997,
    "medianResTime" : 274.0,
    "minResTime" : 251.0,
    "maxResTime" : 362.0,
    "pct1ResTime" : 302.8,
    "pct2ResTime" : 328.49999999999994,
    "pct3ResTime" : 362.0,
    "throughput" : 5.9297912713472485,
    "receivedKBytesPerSec" : 2.4031868921963944,
    "sentKBytesPerSec" : 2.8722426470588234
  },
  "DeleteBooking" : {
    "transaction" : "DeleteBooking",
    "sampleCount" : 50,
    "errorCount" : 0,
    "errorPct" : 0.0,
    "meanResTime" : 280.8,
    "medianResTime" : 274.0,
    "minResTime" : 251.0,
    "maxResTime" : 366.0,
    "pct1ResTime" : 306.09999999999997,
    "pct2ResTime" : 354.74999999999994,
    "pct3ResTime" : 366.0,
    "throughput" : 5.89622641509434,
    "receivedKBytesPerSec" : 1.4279923349056602,
    "sentKBytesPerSec" : 1.497088738207547
  }
}