{
  "GetBooking after Partial Update" : {
    "transaction" : "GetBooking after Partial Update",
    "sampleCount" : 80,
    "errorCount" : 0,
    "errorPct" : 0.0,
    "meanResTime" : 331.12500000000006,
    "medianResTime" : 301.0,
    "minResTime" : 253.0,
    "maxResTime" : 848.0,
    "pct1ResTime" : 400.0,
    "pct2ResTime" : 514.6,
    "pct3ResTime" : 848.0,
    "throughput" : 10.017530678687704,
    "receivedKBytesPerSec" : 4.059839093413474,
    "sentKBytesPerSec" : 1.8587215126471326
  },
  "GetBooking after Update" : {
    "transaction" : "GetBooking after Update",
    "sampleCount" : 80,
    "errorCount" : 0,
    "errorPct" : 0.0,
    "meanResTime" : 306.9125000000001,
    "medianResTime" : 291.0,
    "minResTime" : 255.0,
    "maxResTime" : 520.0,
    "pct1ResTime" : 362.70000000000005,
    "pct2ResTime" : 479.4500000000002,
    "pct3ResTime" : 520.0,
    "throughput" : 10.013768932281888,
    "receivedKBytesPerSec" : 4.058314557516585,
    "sentKBytesPerSec" : 1.858023532356991
  },
  "PartialUpdateBooking" : {
    "transaction" : "PartialUpdateBooking",
    "sampleCount" : 80,
    "errorCount" : 0,
    "errorPct" : 0.0,
    "meanResTime" : 320.16249999999985,
    "medianResTime" : 300.0,
    "minResTime" : 258.0,
    "maxResTime" : 980.0,
    "pct1ResTime" : 361.70000000000005,
    "pct2ResTime" : 503.95000000000005,
    "pct3ResTime" : 980.0,
    "throughput" : 10.025062656641603,
    "receivedKBytesPerSec" : 4.062891604010025,
    "sentKBytesPerSec" : 3.113251879699248
  },
  "Total" : {
    "transaction" : "Total",
    "sampleCount" : 640,
    "errorCount" : 0,
    "errorPct" : 0.0,
    "meanResTime" : 477.5546875000004,
    "medianResTime" : 300.0,
    "minResTime" : 253.0,
    "maxResTime" : 7434.0,
    "pct1ResTime" : 1152.3999999999999,
    "pct2ResTime" : 1251.7999999999997,
    "pct3ResTime" : 3359.520000000004,
    "throughput" : 48.26546003016591,
    "receivedKBytesPerSec" : 17.95814479638009,
    "sentKBytesPerSec" : 13.939950980392156
  },
  "Auth" : {
    "transaction" : "Auth",
    "sampleCount" : 80,
    "errorCount" : 0,
    "errorPct" : 0.0,
    "meanResTime" : 1648.8999999999992,
    "medianResTime" : 1209.0,
    "minResTime" : 1078.0,
    "maxResTime" : 7434.0,
    "pct1ResTime" : 3212.5000000000005,
    "pct2ResTime" : 3471.9,
    "pct3ResTime" : 7434.0,
    "throughput" : 7.406721599851866,
    "receivedKBytesPerSec" : 1.9601772983982964,
    "sentKBytesPerSec" : 1.8806129062123877
  },
  "Create Booking" : {
    "transaction" : "Create Booking",
    "sampleCount" : 80,
    "errorCount" : 0,
    "errorPct" : 0.0,
    "meanResTime" : 299.3625,
    "medianResTime" : 294.5,
    "minResTime" : 261.0,
    "maxResTime" : 411.0,
    "pct1ResTime" : 336.5,
    "pct2ResTime" : 354.45000000000005,
    "pct3ResTime" : 411.0,
    "throughput" : 10.583410504034925,
    "receivedKBytesPerSec" : 4.640577457335627,
    "sentKBytesPerSec" : 4.774937161000132
  },
  "GetBooking" : {
    "transaction" : "GetBooking",
    "sampleCount" : 80,
    "errorCount" : 0,
    "errorPct" : 0.0,
    "meanResTime" : 297.52500000000003,
    "medianResTime" : 292.0,
    "minResTime" : 255.0,
    "maxResTime" : 383.0,
    "pct1ResTime" : 338.9,
    "pct2ResTime" : 355.9,
    "pct3ResTime" : 383.0,
    "throughput" : 10.562450488513335,
    "receivedKBytesPerSec" : 4.332255083179298,
    "sentKBytesPerSec" : 1.9598296804858728
  },
  "UpdateBooking " : {
    "transaction" : "UpdateBooking ",
    "sampleCount" : 80,
    "errorCount" : 0,
    "errorPct" : 0.0,
    "meanResTime" : 313.0624999999999,
    "medianResTime" : 297.0,
    "minResTime" : 263.0,
    "maxResTime" : 558.0,
    "pct1ResTime" : 380.9000000000002,
    "pct2ResTime" : 420.20000000000005,
    "pct3ResTime" : 558.0,
    "throughput" : 10.303967027305513,
    "receivedKBytesPerSec" : 4.175924137042761,
    "sentKBytesPerSec" : 4.990984028851107
  },
  "DeleteBooking" : {
    "transaction" : "DeleteBooking",
    "sampleCount" : 80,
    "errorCount" : 0,
    "errorPct" : 0.0,
    "meanResTime" : 303.38750000000005,
    "medianResTime" : 292.5,
    "minResTime" : 257.0,
    "maxResTime" : 508.0,
    "pct1ResTime" : 337.9000000000001,
    "pct2ResTime" : 480.55000000000035,
    "pct3ResTime" : 508.0,
    "throughput" : 10.125300594861411,
    "receivedKBytesPerSec" : 2.452221237817998,
    "sentKBytesPerSec" : 2.57087710416403
  }
}