{
  "GetBooking after Partial Update" : {
    "transaction" : "GetBooking after Partial Update",
    "sampleCount" : 8050,
    "errorCount" : 1775,
    "errorPct" : 22.04969,
    "meanResTime" : 307.1781366459636,
    "medianResTime" : 294.0,
    "minResTime" : 0.0,
    "maxResTime" : 8764.0,
    "pct1ResTime" : 690.9000000000005,
    "pct2ResTime" : 864.0,
    "pct3ResTime" : 1011.4499999999989,
    "throughput" : 66.25732534404425,
    "receivedKBytesPerSec" : 51.02084122111016,
    "sentKBytesPerSec" : 9.620011924260881
  },
  "GetBooking after Update" : {
    "transaction" : "GetBooking after Update",
    "sampleCount" : 8050,
    "errorCount" : 1775,
    "errorPct" : 22.04969,
    "meanResTime" : 308.0160248447212,
    "medianResTime" : 296.0,
    "minResTime" : 0.0,
    "maxResTime" : 4957.0,
    "pct1ResTime" : 680.0,
    "pct2ResTime" : 871.4499999999998,
    "pct3ResTime" : 1009.4299999999985,
    "throughput" : 66.2513270840363,
    "receivedKBytesPerSec" : 51.01622231640975,
    "sentKBytesPerSec" : 9.61914102685442
  },
  "PartialUpdateBooking" : {
    "transaction" : "PartialUpdateBooking",
    "sampleCount" : 8050,
    "errorCount" : 1775,
    "errorPct" : 22.04969,
    "meanResTime" : 379.51602484472204,
    "medianResTime" : 312.0,
    "minResTime" : 0.0,
    "maxResTime" : 3820.0,
    "pct1ResTime" : 952.0,
    "pct2ResTime" : 1286.8999999999996,
    "pct3ResTime" : 1578.0,
    "throughput" : 66.25841605346766,
    "receivedKBytesPerSec" : 51.02168111182445,
    "sentKBytesPerSec" : 16.07625042183153
  },
  "Total" : {
    "transaction" : "Total",
    "sampleCount" : 64400,
    "errorCount" : 14200,
    "errorPct" : 22.04969,
    "meanResTime" : 553.5943788819869,
    "medianResTime" : 319.0,
    "minResTime" : 0.0,
    "maxResTime" : 19451.0,
    "pct1ResTime" : 1050.0,
    "pct2ResTime" : 1101.0,
    "pct3ResTime" : 1169.0,
    "throughput" : 510.69768917225736,
    "receivedKBytesPerSec" : 380.0772855258045,
    "sentKBytesPerSec" : 115.1892881110133
  },
  "Auth" : {
    "transaction" : "Auth",
    "sampleCount" : 8050,
    "errorCount" : 1775,
    "errorPct" : 22.04969,
    "meanResTime" : 1955.2814906832266,
    "medianResTime" : 1110.0,
    "minResTime" : 0.0,
    "maxResTime" : 19451.0,
    "pct1ResTime" : 4722.900000000001,
    "pct2ResTime" : 7586.049999999998,
    "pct3ResTime" : 10821.899999999998,
    "throughput" : 64.9502585907811,
    "receivedKBytesPerSec" : 42.89619783808425,
    "sentKBytesPerSec" : 12.855001321193148
  },
  "Create Booking" : {
    "transaction" : "Create Booking",
    "sampleCount" : 8050,
    "errorCount" : 1775,
    "errorPct" : 22.04969,
    "meanResTime" : 408.30770186335354,
    "medianResTime" : 308.0,
    "minResTime" : 0.0,
    "maxResTime" : 5572.0,
    "pct1ResTime" : 889.0,
    "pct2ResTime" : 1092.8999999999996,
    "pct3ResTime" : 1511.0,
    "throughput" : 66.31627508485188,
    "receivedKBytesPerSec" : 52.81958729446074,
    "sentKBytesPerSec" : 23.32276267526444
  },
  "GetBooking" : {
    "transaction" : "GetBooking",
    "sampleCount" : 8050,
    "errorCount" : 1775,
    "errorPct" : 22.04969,
    "meanResTime" : 307.1228571428569,
    "medianResTime" : 294.0,
    "minResTime" : 0.0,
    "maxResTime" : 6227.0,
    "pct1ResTime" : 644.8000000000011,
    "pct2ResTime" : 857.0,
    "pct3ResTime" : 1088.449999999999,
    "throughput" : 66.27041622760801,
    "receivedKBytesPerSec" : 51.28315804002157,
    "sentKBytesPerSec" : 9.62191261154834
  },
  "UpdateBooking " : {
    "transaction" : "UpdateBooking ",
    "sampleCount" : 8050,
    "errorCount" : 1775,
    "errorPct" : 22.04969,
    "meanResTime" : 392.3275776397506,
    "medianResTime" : 317.0,
    "minResTime" : 0.0,
    "maxResTime" : 10626.0,
    "pct1ResTime" : 988.9000000000005,
    "pct2ResTime" : 1279.3499999999995,
    "pct3ResTime" : 1572.0,
    "throughput" : 66.25405343121923,
    "receivedKBytesPerSec" : 51.01832171486889,
    "sentKBytesPerSec" : 25.052587225930438
  },
  "DeleteBooking" : {
    "transaction" : "DeleteBooking",
    "sampleCount" : 8050,
    "errorCount" : 1775,
    "errorPct" : 22.04969,
    "meanResTime" : 371.0052173913051,
    "medianResTime" : 308.0,
    "minResTime" : 0.0,
    "maxResTime" : 5619.0,
    "pct1ResTime" : 856.0,
    "pct2ResTime" : 1238.4499999999998,
    "pct3ResTime" : 1561.0,
    "throughput" : 66.24478476616825,
    "receivedKBytesPerSec" : 42.58975030396481,
    "sentKBytesPerSec" : 13.148133599478271
  }
}