{
  "GetBooking after Partial Update" : {
    "transaction" : "GetBooking after Partial Update",
    "sampleCount" : 1000,
    "errorCount" : 1000,
    "errorPct" : 100.0,
    "meanResTime" : 0.38300000000000006,
    "medianResTime" : 0.0,
    "minResTime" : 0.0,
    "maxResTime" : 173.0,
    "pct1ResTime" : 1.0,
    "pct2ResTime" : 1.0,
    "pct3ResTime" : 1.0,
    "throughput" : 240.67388688327316,
    "receivedKBytesPerSec" : 495.68479241877253,
    "sentKBytesPerSec" : 0.0
  },
  "GetBooking after Update" : {
    "transaction" : "GetBooking after Update",
    "sampleCount" : 1000,
    "errorCount" : 1000,
    "errorPct" : 100.0,
    "meanResTime" : 0.20600000000000013,
    "medianResTime" : 0.0,
    "minResTime" : 0.0,
    "maxResTime" : 10.0,
    "pct1ResTime" : 1.0,
    "pct2ResTime" : 1.0,
    "pct3ResTime" : 1.0,
    "throughput" : 240.67388688327316,
    "receivedKBytesPerSec" : 495.68479241877253,
    "sentKBytesPerSec" : 0.0
  },
  "PartialUpdateBooking" : {
    "transaction" : "PartialUpdateBooking",
    "sampleCount" : 1000,
    "errorCount" : 1000,
    "errorPct" : 100.0,
    "meanResTime" : 0.7789999999999997,
    "medianResTime" : 0.0,
    "minResTime" : 0.0,
    "maxResTime" : 578.0,
    "pct1ResTime" : 1.0,
    "pct2ResTime" : 1.0,
    "pct3ResTime" : 1.0,
    "throughput" : 240.7318247472316,
    "receivedKBytesPerSec" : 495.804119523351,
    "sentKBytesPerSec" : 0.0
  },
  "Total" : {
    "transaction" : "Total",
    "sampleCount" : 8000,
    "errorCount" : 8000,
    "errorPct" : 100.0,
    "meanResTime" : 899.1709999999971,
    "medianResTime" : 0.0,
    "minResTime" : 0.0,
    "maxResTime" : 11487.0,
    "pct1ResTime" : 3528.800000000001,
    "pct2ResTime" : 6451.449999999998,
    "pct3ResTime" : 10123.869999999997,
    "throughput" : 483.20850446967864,
    "receivedKBytesPerSec" : 995.2134516942498,
    "sentKBytesPerSec" : 0.0
  },
  "Auth" : {
    "transaction" : "Auth",
    "sampleCount" : 1000,
    "errorCount" : 1000,
    "errorPct" : 100.0,
    "meanResTime" : 5380.567000000012,
    "medianResTime" : 5362.0,
    "minResTime" : 0.0,
    "maxResTime" : 11487.0,
    "pct1ResTime" : 9829.0,
    "pct2ResTime" : 10522.349999999999,
    "pct3ResTime" : 11288.57,
    "throughput" : 60.422960725075534,
    "receivedKBytesPerSec" : 124.45690143504531,
    "sentKBytesPerSec" : 0.0
  },
  "Create Booking" : {
    "transaction" : "Create Booking",
    "sampleCount" : 1000,
    "errorCount" : 1000,
    "errorPct" : 100.0,
    "meanResTime" : 1653.5430000000006,
    "medianResTime" : 2021.0,
    "minResTime" : 0.0,
    "maxResTime" : 4276.0,
    "pct1ResTime" : 3713.3999999999996,
    "pct2ResTime" : 3927.9999999999986,
    "pct3ResTime" : 3970.99,
    "throughput" : 200.3606491685033,
    "receivedKBytesPerSec" : 412.65684482067724,
    "sentKBytesPerSec" : 0.0
  },
  "GetBooking" : {
    "transaction" : "GetBooking",
    "sampleCount" : 1000,
    "errorCount" : 1000,
    "errorPct" : 100.0,
    "meanResTime" : 1.3380000000000019,
    "medianResTime" : 0.0,
    "minResTime" : 0.0,
    "maxResTime" : 405.0,
    "pct1ResTime" : 1.0,
    "pct2ResTime" : 1.0,
    "pct3ResTime" : 4.990000000000009,
    "throughput" : 237.5296912114014,
    "receivedKBytesPerSec" : 489.2091003562945,
    "sentKBytesPerSec" : 0.0
  },
  "UpdateBooking " : {
    "transaction" : "UpdateBooking ",
    "sampleCount" : 1000,
    "errorCount" : 1000,
    "errorPct" : 100.0,
    "meanResTime" : 154.21,
    "medianResTime" : 1.0,
    "minResTime" : 0.0,
    "maxResTime" : 3232.0,
    "pct1ResTime" : 394.9,
    "pct2ResTime" : 1099.5999999999995,
    "pct3ResTime" : 1993.1200000000008,
    "throughput" : 240.67388688327316,
    "receivedKBytesPerSec" : 495.68479241877253,
    "sentKBytesPerSec" : 0.0
  },
  "DeleteBooking" : {
    "transaction" : "DeleteBooking",
    "sampleCount" : 1000,
    "errorCount" : 1000,
    "errorPct" : 100.0,
    "meanResTime" : 2.3420000000000005,
    "medianResTime" : 0.0,
    "minResTime" : 0.0,
    "maxResTime" : 1861.0,
    "pct1ResTime" : 1.0,
    "pct2ResTime" : 1.0,
    "pct3ResTime" : 2.990000000000009,
    "throughput" : 240.7318247472316,
    "receivedKBytesPerSec" : 495.804119523351,
    "sentKBytesPerSec" : 0.0
  }
}