{
  "GetBooking after Partial Update" : {
    "transaction" : "GetBooking after Partial Update",
    "sampleCount" : 1500,
    "errorCount" : 0,
    "errorPct" : 0.0,
    "meanResTime" : 526.2820000000003,
    "medianResTime" : 392.0,
    "minResTime" : 263.0,
    "maxResTime" : 10047.0,
    "pct1ResTime" : 1058.6000000000004,
    "pct2ResTime" : 1270.95,
    "pct3ResTime" : 2467.050000000001,
    "throughput" : 23.06060326538142,
    "receivedKBytesPerSec" : 9.345849956184853,
    "sentKBytesPerSec" : 4.278822871506319
  },
  "GetBooking after Update" : {
    "transaction" : "GetBooking after Update",
    "sampleCount" : 1500,
    "errorCount" : 0,
    "errorPct" : 0.0,
    "meanResTime" : 551.8946666666662,
    "medianResTime" : 400.0,
    "minResTime" : 253.0,
    "maxResTime" : 4518.0,
    "pct1ResTime" : 1161.0,
    "pct2ResTime" : 1328.6500000000003,
    "pct3ResTime" : 2280.0,
    "throughput" : 22.94665667212287,
    "receivedKBytesPerSec" : 9.299670428643546,
    "sentKBytesPerSec" : 4.257680437210299
  },
  "PartialUpdateBooking" : {
    "transaction" : "PartialUpdateBooking",
    "sampleCount" : 1500,
    "errorCount" : 0,
    "errorPct" : 0.0,
    "meanResTime" : 554.8940000000006,
    "medianResTime" : 410.0,
    "minResTime" : 258.0,
    "maxResTime" : 9543.0,
    "pct1ResTime" : 1187.6000000000004,
    "pct2ResTime" : 1358.9,
    "pct3ResTime" : 2128.55,
    "throughput" : 23.063794455463814,
    "receivedKBytesPerSec" : 9.347143260759259,
    "sentKBytesPerSec" : 7.162389293786613
  },
  "Total" : {
    "transaction" : "Total",
    "sampleCount" : 12000,
    "errorCount" : 0,
    "errorPct" : 0.0,
    "meanResTime" : 886.3994166666663,
    "medianResTime" : 423.0,
    "minResTime" : 249.0,
    "maxResTime" : 52062.0,
    "pct1ResTime" : 1595.0,
    "pct2ResTime" : 2955.0,
    "pct3ResTime" : 6676.349999999986,
    "throughput" : 166.70139612419254,
    "receivedKBytesPerSec" : 62.024640550114604,
    "sentKBytesPerSec" : 48.14642373411127
  },
  "Auth" : {
    "transaction" : "Auth",
    "sampleCount" : 1500,
    "errorCount" : 0,
    "errorPct" : 0.0,
    "meanResTime" : 3142.5826666666635,
    "medianResTime" : 2009.5,
    "minResTime" : 1100.0,
    "maxResTime" : 52062.0,
    "pct1ResTime" : 5994.600000000002,
    "pct2ResTime" : 8082.300000000007,
    "pct3ResTime" : 14986.45,
    "throughput" : 21.593297440474476,
    "receivedKBytesPerSec" : 5.71463242809432,
    "sentKBytesPerSec" : 5.482673178245473
  },
  "Create Booking" : {
    "transaction" : "Create Booking",
    "sampleCount" : 1500,
    "errorCount" : 0,
    "errorPct" : 0.0,
    "meanResTime" : 560.7106666666664,
    "medianResTime" : 401.0,
    "minResTime" : 257.0,
    "maxResTime" : 9662.0,
    "pct1ResTime" : 1207.0,
    "pct2ResTime" : 1401.8000000000002,
    "pct3ResTime" : 2421.6500000000005,
    "throughput" : 22.87387346173201,
    "receivedKBytesPerSec" : 10.029657406560228,
    "sentKBytesPerSec" : 10.320048378242372
  },
  "GetBooking" : {
    "transaction" : "GetBooking",
    "sampleCount" : 1500,
    "errorCount" : 0,
    "errorPct" : 0.0,
    "meanResTime" : 584.6153333333348,
    "medianResTime" : 399.0,
    "minResTime" : 249.0,
    "maxResTime" : 7578.0,
    "pct1ResTime" : 1264.0,
    "pct2ResTime" : 1403.95,
    "pct3ResTime" : 2505.6600000000003,
    "throughput" : 22.92666524011861,
    "receivedKBytesPerSec" : 9.403515039892397,
    "sentKBytesPerSec" : 4.253971089475132
  },
  "UpdateBooking " : {
    "transaction" : "UpdateBooking ",
    "sampleCount" : 1500,
    "errorCount" : 0,
    "errorPct" : 0.0,
    "meanResTime" : 598.6766666666667,
    "medianResTime" : 431.0,
    "minResTime" : 259.0,
    "maxResTime" : 8480.0,
    "pct1ResTime" : 1280.6000000000004,
    "pct2ResTime" : 1452.5500000000004,
    "pct3ResTime" : 2309.86,
    "throughput" : 22.923511882020325,
    "receivedKBytesPerSec" : 9.290290459998472,
    "sentKBytesPerSec" : 11.103576067853595
  },
  "DeleteBooking" : {
    "transaction" : "DeleteBooking",
    "sampleCount" : 1500,
    "errorCount" : 0,
    "errorPct" : 0.0,
    "meanResTime" : 571.5393333333327,
    "medianResTime" : 412.5,
    "minResTime" : 257.0,
    "maxResTime" : 12101.0,
    "pct1ResTime" : 1210.7000000000003,
    "pct2ResTime" : 1365.8500000000001,
    "pct3ResTime" : 2025.98,
    "throughput" : 23.115686304726385,
    "receivedKBytesPerSec" : 5.598330276925921,
    "sentKBytesPerSec" : 5.869217225809434
  }
}