{
  "GetBooking after Partial Update" : {
    "transaction" : "GetBooking after Partial Update",
    "sampleCount" : 7500,
    "errorCount" : 1269,
    "errorPct" : 16.92,
    "meanResTime" : 229.8041333333341,
    "medianResTime" : 272.0,
    "minResTime" : 0.0,
    "maxResTime" : 822.0,
    "pct1ResTime" : 293.0,
    "pct2ResTime" : 302.0,
    "pct3ResTime" : 324.0,
    "throughput" : 54.67827304142426,
    "receivedKBytesPerSec" : 37.464484752963564,
    "sentKBytesPerSec" : 8.42878394153799
  },
  "GetBooking after Update" : {
    "transaction" : "GetBooking after Update",
    "sampleCount" : 7500,
    "errorCount" : 1269,
    "errorPct" : 16.92,
    "meanResTime" : 229.87266666666665,
    "medianResTime" : 271.0,
    "minResTime" : 0.0,
    "maxResTime" : 885.0,
    "pct1ResTime" : 293.0,
    "pct2ResTime" : 302.0,
    "pct3ResTime" : 324.0,
    "throughput" : 54.470186651172924,
    "receivedKBytesPerSec" : 37.32190802255066,
    "sentKBytesPerSec" : 8.396706936778271
  },
  "PartialUpdateBooking" : {
    "transaction" : "PartialUpdateBooking",
    "sampleCount" : 7500,
    "errorCount" : 1269,
    "errorPct" : 16.92,
    "meanResTime" : 233.1877333333334,
    "medianResTime" : 274.0,
    "minResTime" : 0.0,
    "maxResTime" : 830.0,
    "pct1ResTime" : 300.0,
    "pct2ResTime" : 311.0,
    "pct3ResTime" : 338.0,
    "throughput" : 54.577605716822276,
    "receivedKBytesPerSec" : 37.395509468304965,
    "sentKBytesPerSec" : 14.081150191203545
  },
  "Total" : {
    "transaction" : "Total",
    "sampleCount" : 60000,
    "errorCount" : 10152,
    "errorPct" : 16.92,
    "meanResTime" : 398.95825000000235,
    "medianResTime" : 274.0,
    "minResTime" : 0.0,
    "maxResTime" : 11763.0,
    "pct1ResTime" : 1058.0,
    "pct2ResTime" : 1125.0,
    "pct3ResTime" : 9029.850000000024,
    "throughput" : 421.60589686114406,
    "receivedKBytesPerSec" : 277.2487514317034,
    "sentKBytesPerSec" : 101.16445846918413
  },
  "Auth" : {
    "transaction" : "Auth",
    "sampleCount" : 7500,
    "errorCount" : 1269,
    "errorPct" : 16.92,
    "meanResTime" : 1563.8382666666678,
    "medianResTime" : 1089.0,
    "minResTime" : 0.0,
    "maxResTime" : 11763.0,
    "pct1ResTime" : 1217.0,
    "pct2ResTime" : 6908.149999999997,
    "pct3ResTime" : 10703.899999999998,
    "throughput" : 52.77453312129698,
    "receivedKBytesPerSec" : 29.99705836951321,
    "sentKBytesPerSec" : 11.132540381313593
  },
  "Create Booking" : {
    "transaction" : "Create Booking",
    "sampleCount" : 7500,
    "errorCount" : 1269,
    "errorPct" : 16.92,
    "meanResTime" : 234.55400000000031,
    "medianResTime" : 272.0,
    "minResTime" : 0.0,
    "maxResTime" : 1026.0,
    "pct1ResTime" : 296.0,
    "pct2ResTime" : 306.0,
    "pct3ResTime" : 334.0,
    "throughput" : 54.13911587214507,
    "receivedKBytesPerSec" : 38.588500761556894,
    "sentKBytesPerSec" : 20.2931593648038
  },
  "GetBooking" : {
    "transaction" : "GetBooking",
    "sampleCount" : 7500,
    "errorCount" : 1269,
    "errorPct" : 16.92,
    "meanResTime" : 229.91706666666596,
    "medianResTime" : 271.0,
    "minResTime" : 0.0,
    "maxResTime" : 560.0,
    "pct1ResTime" : 293.0,
    "pct2ResTime" : 303.0,
    "pct3ResTime" : 326.0,
    "throughput" : 54.27899402931065,
    "receivedKBytesPerSec" : 37.41109694454496,
    "sentKBytesPerSec" : 8.367234146010492
  },
  "UpdateBooking " : {
    "transaction" : "UpdateBooking ",
    "sampleCount" : 7500,
    "errorCount" : 1269,
    "errorPct" : 16.92,
    "meanResTime" : 237.75866666666707,
    "medianResTime" : 276.0,
    "minResTime" : 0.0,
    "maxResTime" : 890.0,
    "pct1ResTime" : 304.0,
    "pct2ResTime" : 316.0,
    "pct3ResTime" : 347.0,
    "throughput" : 54.363583647434034,
    "receivedKBytesPerSec" : 37.24886572647869,
    "sentKBytesPerSec" : 21.876925376920845
  },
  "DeleteBooking" : {
    "transaction" : "DeleteBooking",
    "sampleCount" : 7500,
    "errorCount" : 1269,
    "errorPct" : 16.92,
    "meanResTime" : 232.73346666666592,
    "medianResTime" : 273.0,
    "minResTime" : 0.0,
    "maxResTime" : 822.0,
    "pct1ResTime" : 300.0,
    "pct2ResTime" : 311.0,
    "pct3ResTime" : 340.0,
    "throughput" : 54.78291357447554,
    "receivedKBytesPerSec" : 30.113547004196374,
    "sentKBytesPerSec" : 11.556198823628236
  }
}