{
  "GetBooking after Partial Update" : {
    "transaction" : "GetBooking after Partial Update",
    "sampleCount" : 5500,
    "errorCount" : 894,
    "errorPct" : 16.254545,
    "meanResTime" : 227.03399999999962,
    "medianResTime" : 265.0,
    "minResTime" : 0.0,
    "maxResTime" : 900.0,
    "pct1ResTime" : 285.0,
    "pct2ResTime" : 292.0,
    "pct3ResTime" : 322.9899999999998,
    "throughput" : 53.82236661838964,
    "receivedKBytesPerSec" : 36.285525820057146,
    "sentKBytesPerSec" : 8.357747714384272
  },
  "GetBooking after Update" : {
    "transaction" : "GetBooking after Update",
    "sampleCount" : 5500,
    "errorCount" : 894,
    "errorPct" : 16.254545,
    "meanResTime" : 226.908,
    "medianResTime" : 264.0,
    "minResTime" : 0.0,
    "maxResTime" : 1433.0,
    "pct1ResTime" : 285.0,
    "pct2ResTime" : 292.9499999999998,
    "pct3ResTime" : 324.0,
    "throughput" : 53.547262761286305,
    "receivedKBytesPerSec" : 36.10005853689407,
    "sentKBytesPerSec" : 8.315028510874964
  },
  "PartialUpdateBooking" : {
    "transaction" : "PartialUpdateBooking",
    "sampleCount" : 5500,
    "errorCount" : 894,
    "errorPct" : 16.254545,
    "meanResTime" : 229.7327272727264,
    "medianResTime" : 266.0,
    "minResTime" : 0.0,
    "maxResTime" : 977.0,
    "pct1ResTime" : 287.0,
    "pct2ResTime" : 296.0,
    "pct3ResTime" : 343.97999999999956,
    "throughput" : 53.68629632883345,
    "receivedKBytesPerSec" : 36.19379105781526,
    "sentKBytesPerSec" : 13.956597298481165
  },
  "Total" : {
    "transaction" : "Total",
    "sampleCount" : 44000,
    "errorCount" : 7152,
    "errorPct" : 16.254545,
    "meanResTime" : 428.56524999999743,
    "medianResTime" : 262.0,
    "minResTime" : 0.0,
    "maxResTime" : 11574.0,
    "pct1ResTime" : 1035.0,
    "pct2ResTime" : 1123.0,
    "pct3ResTime" : 8558.840000000026,
    "throughput" : 413.3240648543033,
    "receivedKBytesPerSec" : 267.1549943960537,
    "sentKBytesPerSec" : 99.93964162337724
  },
  "Auth" : {
    "transaction" : "Auth",
    "sampleCount" : 5500,
    "errorCount" : 894,
    "errorPct" : 16.254545,
    "meanResTime" : 1719.8850909090913,
    "medianResTime" : 1075.0,
    "minResTime" : 0.0,
    "maxResTime" : 11574.0,
    "pct1ResTime" : 3306.5000000000136,
    "pct2ResTime" : 7547.499999999998,
    "pct3ResTime" : 10676.829999999996,
    "throughput" : 51.66647878856198,
    "receivedKBytesPerSec" : 28.749276375737423,
    "sentKBytesPerSec" : 10.986098781610492
  },
  "Create Booking" : {
    "transaction" : "Create Booking",
    "sampleCount" : 5500,
    "errorCount" : 894,
    "errorPct" : 16.254545,
    "meanResTime" : 329.38563636363506,
    "medianResTime" : 270.0,
    "minResTime" : 0.0,
    "maxResTime" : 1630.0,
    "pct1ResTime" : 371.0,
    "pct2ResTime" : 1021.7499999999991,
    "pct3ResTime" : 1443.9799999999996,
    "throughput" : 53.112898708873715,
    "receivedKBytesPerSec" : 37.27860635073344,
    "sentKBytesPerSec" : 20.06796187700984
  },
  "GetBooking" : {
    "transaction" : "GetBooking",
    "sampleCount" : 5500,
    "errorCount" : 894,
    "errorPct" : 16.254545,
    "meanResTime" : 226.98290909090906,
    "medianResTime" : 264.0,
    "minResTime" : 0.0,
    "maxResTime" : 994.0,
    "pct1ResTime" : 284.0,
    "pct2ResTime" : 292.0,
    "pct3ResTime" : 322.9899999999998,
    "throughput" : 53.264122255687155,
    "receivedKBytesPerSec" : 36.12697727922021,
    "sentKBytesPerSec" : 8.271061345136985
  },
  "UpdateBooking " : {
    "transaction" : "UpdateBooking ",
    "sampleCount" : 5500,
    "errorCount" : 894,
    "errorPct" : 16.254545,
    "meanResTime" : 240.9525454545459,
    "medianResTime" : 267.0,
    "minResTime" : 0.0,
    "maxResTime" : 1560.0,
    "pct1ResTime" : 290.0,
    "pct2ResTime" : 301.0,
    "pct3ResTime" : 470.85999999999694,
    "throughput" : 53.40946609955524,
    "receivedKBytesPerSec" : 36.0071599030861,
    "sentKBytesPerSec" : 21.659615327424305
  },
  "DeleteBooking" : {
    "transaction" : "DeleteBooking",
    "sampleCount" : 5500,
    "errorCount" : 894,
    "errorPct" : 16.254545,
    "meanResTime" : 227.6410909090907,
    "medianResTime" : 266.0,
    "minResTime" : 0.0,
    "maxResTime" : 900.0,
    "pct1ResTime" : 286.0,
    "pct2ResTime" : 296.0,
    "pct3ResTime" : 324.9899999999998,
    "throughput" : 53.96124601422615,
    "receivedKBytesPerSec" : 29.009286086583273,
    "sentKBytesPerSec" : 11.468479810522444
  }
}