{
  "GetBooking after Partial Update" : {
    "transaction" : "GetBooking after Partial Update",
    "sampleCount" : 10500,
    "errorCount" : 1633,
    "errorPct" : 15.552381,
    "meanResTime" : 418.2630476190479,
    "medianResTime" : 396.0,
    "minResTime" : 0.0,
    "maxResTime" : 5348.0,
    "pct1ResTime" : 690.0,
    "pct2ResTime" : 943.9499999999989,
    "pct3ResTime" : 1376.9199999999983,
    "throughput" : 65.81669111286622,
    "receivedKBytesPerSec" : 43.60724291138566,
    "sentKBytesPerSec" : 10.339133723062169
  },
  "GetBooking after Update" : {
    "transaction" : "GetBooking after Update",
    "sampleCount" : 10500,
    "errorCount" : 1633,
    "errorPct" : 15.552381,
    "meanResTime" : 426.70180952380986,
    "medianResTime" : 401.0,
    "minResTime" : 0.0,
    "maxResTime" : 6330.0,
    "pct1ResTime" : 692.0,
    "pct2ResTime" : 997.0,
    "pct3ResTime" : 1475.0,
    "throughput" : 65.86045111272801,
    "receivedKBytesPerSec" : 43.63623636139825,
    "sentKBytesPerSec" : 10.346007974602955
  },
  "PartialUpdateBooking" : {
    "transaction" : "PartialUpdateBooking",
    "sampleCount" : 10500,
    "errorCount" : 1633,
    "errorPct" : 15.552381,
    "meanResTime" : 541.1348571428565,
    "medianResTime" : 485.0,
    "minResTime" : 0.0,
    "maxResTime" : 7477.0,
    "pct1ResTime" : 982.0,
    "pct2ResTime" : 1175.0,
    "pct3ResTime" : 1707.9399999999987,
    "throughput" : 65.82081693036784,
    "receivedKBytesPerSec" : 43.609976496483284,
    "sentKBytesPerSec" : 17.287795939012312
  },
  "Total" : {
    "transaction" : "Total",
    "sampleCount" : 84000,
    "errorCount" : 13064,
    "errorPct" : 15.552381,
    "meanResTime" : 667.3702738095174,
    "medianResTime" : 1.0,
    "minResTime" : 0.0,
    "maxResTime" : 99499.0,
    "pct1ResTime" : 999.9000000000015,
    "pct2ResTime" : 1819.800000000003,
    "pct3ResTime" : 8097.780000000035,
    "throughput" : 509.91914139329333,
    "receivedKBytesPerSec" : 323.5788849464585,
    "sentKBytesPerSec" : 124.5223420654457
  },
  "Auth" : {
    "transaction" : "Auth",
    "sampleCount" : 10500,
    "errorCount" : 1633,
    "errorPct" : 15.552381,
    "meanResTime" : 2000.267333333329,
    "medianResTime" : 1241.0,
    "minResTime" : 0.0,
    "maxResTime" : 99499.0,
    "pct1ResTime" : 3917.7999999999993,
    "pct2ResTime" : 5925.799999999996,
    "pct3ResTime" : 10366.889999999998,
    "throughput" : 64.63527239150507,
    "receivedKBytesPerSec" : 35.14993796168052,
    "sentKBytesPerSec" : 13.858951792859342
  },
  "Create Booking" : {
    "transaction" : "Create Booking",
    "sampleCount" : 10500,
    "errorCount" : 1633,
    "errorPct" : 15.552381,
    "meanResTime" : 440.60295238095114,
    "medianResTime" : 402.5,
    "minResTime" : 0.0,
    "maxResTime" : 4486.0,
    "pct1ResTime" : 690.0,
    "pct2ResTime" : 1096.8999999999978,
    "pct3ResTime" : 1498.9799999999996,
    "throughput" : 65.86292983402542,
    "receivedKBytesPerSec" : 45.510965981796744,
    "sentKBytesPerSec" : 25.094033543833348
  },
  "GetBooking" : {
    "transaction" : "GetBooking",
    "sampleCount" : 10500,
    "errorCount" : 1633,
    "errorPct" : 15.552381,
    "meanResTime" : 427.3945714285729,
    "medianResTime" : 401.0,
    "minResTime" : 0.0,
    "maxResTime" : 3846.0,
    "pct1ResTime" : 688.0,
    "pct2ResTime" : 1071.949999999999,
    "pct3ResTime" : 1437.9899999999998,
    "throughput" : 65.85838565416194,
    "receivedKBytesPerSec" : 43.90642959150552,
    "sentKBytesPerSec" : 10.34568351203954
  },
  "UpdateBooking " : {
    "transaction" : "UpdateBooking ",
    "sampleCount" : 10500,
    "errorCount" : 1633,
    "errorPct" : 15.552381,
    "meanResTime" : 554.5323809523804,
    "medianResTime" : 500.0,
    "minResTime" : 0.0,
    "maxResTime" : 7833.0,
    "pct1ResTime" : 1014.8999999999996,
    "pct2ResTime" : 1193.0,
    "pct3ResTime" : 1728.909999999998,
    "throughput" : 65.8443439708529,
    "receivedKBytesPerSec" : 43.62556447807383,
    "sentKBytesPerSec" : 26.95951101952128
  },
  "DeleteBooking" : {
    "transaction" : "DeleteBooking",
    "sampleCount" : 10500,
    "errorCount" : 1633,
    "errorPct" : 15.552381,
    "meanResTime" : 530.0652380952389,
    "medianResTime" : 480.0,
    "minResTime" : 0.0,
    "maxResTime" : 3411.0,
    "pct1ResTime" : 982.0,
    "pct2ResTime" : 1147.0,
    "pct3ResTime" : 1634.9799999999996,
    "throughput" : 65.76186688545535,
    "receivedKBytesPerSec" : 34.51405038494178,
    "sentKBytesPerSec" : 14.12681354005524
  }
}