{
  "GetBooking after Partial Update" : {
    "transaction" : "GetBooking after Partial Update",
    "sampleCount" : 7050,
    "errorCount" : 5539,
    "errorPct" : 78.567375,
    "meanResTime" : 75.33375886524823,
    "medianResTime" : 0.0,
    "minResTime" : 0.0,
    "maxResTime" : 2197.0,
    "pct1ResTime" : 309.0,
    "pct2ResTime" : 349.0,
    "pct3ResTime" : 863.4499999999989,
    "throughput" : 77.70478793757164,
    "receivedKBytesPerSec" : 132.48752452385153,
    "sentKBytesPerSec" : 3.0901301486310735
  },
  "GetBooking after Update" : {
    "transaction" : "GetBooking after Update",
    "sampleCount" : 7050,
    "errorCount" : 5539,
    "errorPct" : 78.567375,
    "meanResTime" : 73.8399999999999,
    "medianResTime" : 0.0,
    "minResTime" : 0.0,
    "maxResTime" : 1340.0,
    "pct1ResTime" : 307.0,
    "pct2ResTime" : 349.0,
    "pct3ResTime" : 477.97999999999956,
    "throughput" : 77.2484221598878,
    "receivedKBytesPerSec" : 131.7094158156557,
    "sentKBytesPerSec" : 3.0719815932350105
  },
  "PartialUpdateBooking" : {
    "transaction" : "PartialUpdateBooking",
    "sampleCount" : 7050,
    "errorCount" : 5539,
    "errorPct" : 78.567375,
    "meanResTime" : 78.02921985815568,
    "medianResTime" : 0.0,
    "minResTime" : 0.0,
    "maxResTime" : 1873.0,
    "pct1ResTime" : 322.0,
    "pct2ResTime" : 369.0,
    "pct3ResTime" : 919.4699999999993,
    "throughput" : 77.47678443870542,
    "receivedKBytesPerSec" : 132.0987760316501,
    "sentKBytesPerSec" : 5.156726502829826
  },
  "Total" : {
    "transaction" : "Total",
    "sampleCount" : 56400,
    "errorCount" : 44312,
    "errorPct" : 78.567375,
    "meanResTime" : 456.2653191489324,
    "medianResTime" : 0.0,
    "minResTime" : 0.0,
    "maxResTime" : 13262.0,
    "pct1ResTime" : 185.0,
    "pct2ResTime" : 757.9000000000015,
    "pct3ResTime" : 9691.900000000016,
    "throughput" : 590.0075320110469,
    "receivedKBytesPerSec" : 1001.7787184073982,
    "sentKBytesPerSec" : 36.52226470965144
  },
  "Auth" : {
    "transaction" : "Auth",
    "sampleCount" : 7050,
    "errorCount" : 5539,
    "errorPct" : 78.567375,
    "meanResTime" : 2908.239007092194,
    "medianResTime" : 1208.0,
    "minResTime" : 0.0,
    "maxResTime" : 13262.0,
    "pct1ResTime" : 9174.800000000001,
    "pct2ResTime" : 10459.45,
    "pct3ResTime" : 11405.939999999999,
    "throughput" : 73.9776912664351,
    "receivedKBytesPerSec" : 123.90714029003452,
    "sentKBytesPerSec" : 4.025775126181807
  },
  "Create Booking" : {
    "transaction" : "Create Booking",
    "sampleCount" : 7050,
    "errorCount" : 5539,
    "errorPct" : 78.567375,
    "meanResTime" : 240.8005673758867,
    "medianResTime" : 7.0,
    "minResTime" : 0.0,
    "maxResTime" : 11124.0,
    "pct1ResTime" : 575.0,
    "pct2ResTime" : 1179.4499999999998,
    "pct3ResTime" : 1775.449999999999,
    "throughput" : 76.38633063904479,
    "receivedKBytesPerSec" : 130.78520221384923,
    "sentKBytesPerSec" : 7.38640326700544
  },
  "GetBooking" : {
    "transaction" : "GetBooking",
    "sampleCount" : 7050,
    "errorCount" : 5539,
    "errorPct" : 78.567375,
    "meanResTime" : 79.51347517730484,
    "medianResTime" : 0.0,
    "minResTime" : 0.0,
    "maxResTime" : 1890.0,
    "pct1ResTime" : 313.90000000000055,
    "pct2ResTime" : 361.0,
    "pct3ResTime" : 1038.4899999999998,
    "throughput" : 76.64876383483008,
    "receivedKBytesPerSec" : 130.7672057958153,
    "sentKBytesPerSec" : 3.048134642251408
  },
  "UpdateBooking " : {
    "transaction" : "UpdateBooking ",
    "sampleCount" : 7050,
    "errorCount" : 5539,
    "errorPct" : 78.567375,
    "meanResTime" : 115.37957446808522,
    "medianResTime" : 1.0,
    "minResTime" : 0.0,
    "maxResTime" : 2104.0,
    "pct1ResTime" : 363.0,
    "pct2ResTime" : 418.0,
    "pct3ResTime" : 1044.3499999999967,
    "throughput" : 76.92811313342936,
    "receivedKBytesPerSec" : 131.1653739606521,
    "sentKBytesPerSec" : 7.986236142027846
  },
  "DeleteBooking" : {
    "transaction" : "DeleteBooking",
    "sampleCount" : 7050,
    "errorCount" : 5539,
    "errorPct" : 78.567375,
    "meanResTime" : 78.98695035460955,
    "medianResTime" : 0.0,
    "minResTime" : 0.0,
    "maxResTime" : 1619.0,
    "pct1ResTime" : 320.0,
    "pct2ResTime" : 369.0,
    "pct3ResTime" : 951.0,
    "throughput" : 77.93155288291476,
    "receivedKBytesPerSec" : 130.15017325607425,
    "sentKBytesPerSec" : 4.24093942065352
  }
}